\connect ww3_tracker;

/*Create some dummy users*/
INSERT INTO public.users (username, pass) VALUES
('cajugos', 'password'),
('kekse_und_ich', 'password'),
('hybridstorytellers', 'password'),
('ryunosuke_kikuno', 'password'),
('onderortel', 'password'),
('gasparzaldo', 'password'),
('markmcneillphotography', 'password'),
('jbtc', 'password'),
('michellem18', 'password'),
('lwdzl', 'password'),
('matteo_baldan', 'password'),
('amyjoyhumphries', 'password'),
('elashv', 'password'),
('dreamcatchlight', 'password'),
('kellysikkema', 'password'),
('haticehuma', 'password'),
('tkirkgoz', 'password'),
('juaraujotheartist', 'password'),
('capturesawyer', 'password'),
('trongho', 'password'),
('raldoc', 'password'),
('girlwithredhat', 'password'),
('jomarcha', 'password'),
('_calvincraig', 'password'),
('kevin_charit', 'password'),
('saltandtrue', 'password'),
('a_chadha1124', 'password'),
('klim11', 'password'),
('lazizli', 'password'),
('gamanalice3012', 'password');

INSERT INTO public.posts (title, description, lng, lat, author, url) VALUES
('independent sound morning flow upon fully answer', 'busy enjoy smaller meal this welcome operation', 49.10048683698896, 39.36536542297734, 'cajugos', 'https://s3.us-west-2.amazonaws.com/images.unsplash.com/small/photo-1512227847796-ddde7e3979c9'),
('forget replied push outer', 'Breakfast with waffles and apricots', 49.48888327745961, 27.556277095558166, 'kekse_und_ich', 'https://s3.us-west-2.amazonaws.com/images.unsplash.com/small/photo-1594627721989-502bf69bf6f3'),
('blanket tool so world dried vowel acres bone', 'add glass piano weak dropped pole product basis are position cause subject cattle quietly written village fierce watch alphabet melted quite equipment slightly car most hill pony bag rock dog aloud mill everywhere hang', 45.42727377217337, 25.163162191173456, 'hybridstorytellers', 'https://s3.us-west-2.amazonaws.com/images.unsplash.com/small/photo-1642520076630-d9219c023cac'),
('mistake city alive do shine task plenty job', 'crew three brown plastic finger warm thus winter rose size sad shop dollar reach person bow chance century snake slope biggest division difficulty anybody information paid bean river few glad shelter major likely realize hundred mixture more loud throat toward took goes printed section daily catch double yes coffee desk', 51.600414700117774, 26.365293482530774, 'ryunosuke_kikuno', 'https://s3.us-west-2.amazonaws.com/images.unsplash.com/small/photo-1645777785010-56e3e3c73c7e'),
('tears press rubber sold chamber fierce', 'Snowy mountains', 50.44736071699123, 36.00605074369565, 'onderortel', 'https://s3.us-west-2.amazonaws.com/images.unsplash.com/small/photo-1645831111465-2aaa61534789'),
('never by electricity brother on numeral west sentence gun own', 'speech let forgotten guess far shown modern political loose expect easy near lack cabin science', 51.033147487850414, 35.77241107520352, 'gasparzaldo', 'https://s3.us-west-2.amazonaws.com/images.unsplash.com/photo-1645973411002-367f6c6ea332'),
('escape reason they explore', 'south stacks lighthouse', 46.966984212612864, 32.4769415155254, 'markmcneillphotography', 'https://s3.us-west-2.amazonaws.com/images.unsplash.com/photo-1646223554770-4954987f9656'),
('easy wise melted courage easy across', 'difficult count came immediately electricity week dropped surprise somebody victory gave question out wrapped bee success pale handsome rope factor younger kids wolf underline attention green death listen glass setting summer library follow negative recognize bow', 46.02443395549172, 27.97909821924651, 'jbtc', 'https://s3.us-west-2.amazonaws.com/images.unsplash.com/photo-1646273166060-1301aa7fb537'),
('object palace newspaper deeply mud underline', 'tax both saved space spider dress silver vapor garage root lucky oxygen straight thin sum topic physical center object eight wire frame engineer lesson wherever opportunity football lot', 49.67631990489758, 37.647309818831246, 'michellem18', 'https://s3.us-west-2.amazonaws.com/images.unsplash.com/small/photo-1646309364429-cd59d7c2bcd2'),
('article valuable establish its nervous section low power seldom', 'second held bark frog again sign range depend gulf common earn am tried zulu quickly butter gently furniture suit particular can third sugar cotton heat vapor arrange might member speak', 46.38614860719585, 39.06409271709423, 'lwdzl', 'https://s3.us-west-2.amazonaws.com/images.unsplash.com/small/photo-1646361700093-76b57deccc0c'),
('writer important whose shirt certainly topic none herself should', 'himself perfectly sign expect tool national income sure front beginning down add damage former own president direction tropical well circus collect student flame forgot managed could apple jungle love physical treated', 51.037046270609295, 33.353365946939036, 'matteo_baldan', 'https://s3.us-west-2.amazonaws.com/images.unsplash.com/small/photo-1646404464819-523c6fef3707'),
('wide wool effect community honor saved egg those', 'nest worker opposite expression smaller exchange claws stuck apart best', 50.94923393588265, 29.562835020332678, 'amyjoyhumphries', 'https://s3.us-west-2.amazonaws.com/images.unsplash.com/small/photo-1646406112287-6035555cf688'),
('folks sets eager plane even dish hall ought began was', 'night wash no slide helpful rather iron chamber far judge enemy ride military official school blood sign influence gate slept running realize spell loss nice guide mistake fought almost aid know mission daily complete chapter grandmother lead room tone nor to me orbit simply green log express blood scene', 49.546499285116845, 26.64215395145974, 'elashv', 'https://s3.us-west-2.amazonaws.com/images.unsplash.com/small/photo-1646498263699-dbeb6f777cd0'),
('pattern she manufacturing journey bow', 'parallel should pine aside put friend new settlers rabbit wherever wood signal far wealth statement hard adjective pipe motor position widely generally massage short damage travel with grade happened actual right so furniture teeth roar wherever finest gather bent stuck adjective exercise', 45.403035985353036, 39.13241553175867, 'dreamcatchlight', 'https://s3.us-west-2.amazonaws.com/images.unsplash.com/photo-1646568780128-7c07af93209a'),
('typical third well leaf coach anyone thank flower who', 'mark college angle month thank people silk zoo broad consist nation bow actually there depth crack step noun here arm magic score score type whole song cowboy means', 46.39688903719155, 39.46762868590486, 'kellysikkema', 'https://s3.us-west-2.amazonaws.com/images.unsplash.com/photo-1646617747126-0950abab024a'),
('indeed question green lead wooden difficult', 'meet birth simply swing music powerful especially pair prepare captain flight help purpose warn plus room art time shot done chicken they doll desert service pie harder', 50.14026973086209, 33.33809723568111, 'haticehuma', 'https://s3.us-west-2.amazonaws.com/images.unsplash.com/photo-1646734104317-4bcd21298b3c'),
('today tail captured', 'grade season seven cattle owner can eat', 45.977168134437854, 33.59992414499949, 'tkirkgoz', 'https://s3.us-west-2.amazonaws.com/images.unsplash.com/small/photo-1646765989243-3fb9ed5b526f'),
('tried sold map steady production grass', 'Enchanted dreams ', 46.260622015547106, 31.945028093583254, 'juaraujotheartist', 'https://s3.us-west-2.amazonaws.com/images.unsplash.com/small/photo-1646941185749-3d3b10ee2251'),
('public rhyme society check depth process tide announced valuable', 'Elsa got up at 430 am to catch the sunrise, only to realize sunrise was at 730am. so here is a beautiful photo of fortune mountain', 48.06515409884963, 31.751997550418928, 'capturesawyer', 'https://s3.us-west-2.amazonaws.com/images.unsplash.com/photo-1647057225732-81fc6cd427a8'),
('judge explore feel teeth rate must box package author available', 'doll steady toy grade identity gradually art higher act compound exactly arrangement library river well was turn discovery plate whether am pie route general', 46.062329717433606, 24.98081030860864, 'trongho', 'https://s3.us-west-2.amazonaws.com/images.unsplash.com/photo-1647148559169-ba5c41fc06ed'),
('desert tea meant ahead instrument age', 'eager avoid good freedom guide cloth gas grain dark show street daily myself cave wind chosen through iron fighting light certain other smallest palace original song object score collect far income', 47.263484247600026, 32.28769930056188, 'raldoc', 'https://s3.us-west-2.amazonaws.com/images.unsplash.com/photo-1647249969560-7fe1d2ef3ae6'),
('opposite outer hospital rock', 'pink boots pattern on white background', 46.60872915784625, 34.945011591872905, 'girlwithredhat', 'https://s3.us-west-2.amazonaws.com/images.unsplash.com/small/photo-1647288147076-2351da376ffb'),
('that stove practical', 'plus fun finest coast glad took whale cage refused industrial transportation skill place chance been element danger article place eventually watch dress after percent invented play knowledge slip gasoline angle land alike anybody studied very rising', 48.31301828469698, 34.70966921928854, 'jomarcha', 'https://s3.us-west-2.amazonaws.com/images.unsplash.com/photo-1647348814660-69854a5800b1'),
('becoming corn arm state related extra', 'Kithara Guitars', 50.22809968888464, 38.473439457597465, '_calvincraig', 'https://s3.us-west-2.amazonaws.com/images.unsplash.com/photo-1647354312651-d0f949762bd4'),
('football use trouble hunter', 'nice won cotton mathematics peace shinning mighty us best grain skin castle failed small thrown rubber', 45.14975502800826, 33.89277938515884, 'kevin_charit', 'https://s3.us-west-2.amazonaws.com/images.unsplash.com/photo-1647450195092-7d8f2565964d'),
('nine average stove truth central', 'Cocktail with dried orange garnish on black backdrop', 48.14938761311566, 27.25682509221879, 'saltandtrue', 'https://s3.us-west-2.amazonaws.com/images.unsplash.com/photo-1647470570244-4c46e63384f1'),
('state spread does', 'the floating lake effect', 50.79891213720585, 35.028558219796295, 'a_chadha1124', 'https://s3.us-west-2.amazonaws.com/images.unsplash.com/photo-1647565053180-fa32b9c17cd2'),
('five for whispered zero ruler including ahead', 'Apple Watch series 6', 47.445641924031236, 24.300805134002687, 'klim11', 'https://s3.us-west-2.amazonaws.com/images.unsplash.com/photo-1647668770645-9d63697f76b7'),
('fighting we unusual', 'Turkish coffee (turk kahvesi)', 47.1122523897937, 35.30325982376394, 'lazizli', 'https://s3.us-west-2.amazonaws.com/images.unsplash.com/photo-1647772810208-ed289db1c1a6'),
('outside way sharp', 'simplicity ', 45.42069073311531, 39.28848319919448, 'gamanalice3012', 'https://s3.us-west-2.amazonaws.com/images.unsplash.com/photo-1647783706711-2ba8c31e9ca2');

/*INSERT INTO public.comments (content, author, postId) VALUES
('hello i am biggus dickus', 'Benjie', 1),
('comment hnghhhhhhh', 'Lexius', 2),
('interesting comment hollhjljlj', 'Benjie', 3),
('hello i am smol dickus', 'Benjie', 1); */
